id,Ya,Yb
1,144.08,123.11
2,122.77,115.95
3,145.46,118.39
4,151.72,126.94
5,148.84,132.7
6,153.63,127.66
7,91.26,110.35
8,121.15,92.15
9,130.36,119.2
10,154.47,132.49
11,159.77,118.33
12,116.41,108.07
13,146.26,109.42
14,146.22,120.16
15,128.89,117
16,144.11,104.56
17,157.83,127.08
18,145.64,106.8
19,180.3,124.59
20,161.78,122.43
21,168.67,131.01
22,107.89,119.63
23,137.92,113.91
24,116.87,116.39
25,147.62,126.22
26,95.43,111.7
27,172.32,124.15
28,137,121.17
29,138.87,101.92
30,127.46,110.25
31,92.81,119.35
32,152.87,123.47
33,113.65,109.21
34,132.74,123.28
35,134.5,114.55
36,153.29,124.93
37,166.1,134.78
38,162.24,115.64
39,138.53,117.54
40,119.43,107.15
41,74.67,108.6
42,149.59,132.98
43,128.95,112.65
44,176.13,122.62
45,133.04,117.44
46,162.42,116.76
47,180.29,131.62
48,116.53,123.11
49,170.33,131.37
50,166.42,126.25
51,110.43,114.45
52,122.09,105.16
53,152.29,115.84
54,143.48,117.91
55,189.46,126.93
56,152.18,134.79
57,115.12,111.67
58,146.79,130.72
59,206.23,136.4
60,93.5,102.24
61,164.84,122.7
62,144.88,113.62
63,124.77,118.14
64,161.53,118.72
65,138.89,109.08
66,125.05,113.08
67,151.1,125.11
68,167.94,121.43
69,95.5,106.47
70,130.37,113.06
71,158.34,126.95
72,135.94,130.03
73,145.42,96.96
74,169.63,122.89
75,165.12,126.68
76,100.66,104.6
77,130.84,125.12
78,143.39,115.06
79,122.37,117.8
80,92.98,125.4
81,149.78,132.41
82,153.07,121.94
83,121.01,131.21
84,149.21,128.24
85,139.97,128.34
86,129.51,116.52
87,164.95,122.64
88,180.66,128.65
89,147.52,142.03
90,112.49,105.38
91,142.51,124.13
92,130.63,112.89
93,130.11,107.76
94,114.37,116.89
95,180.16,131.23
96,163.53,130.73
97,145.45,128.53
98,156.53,117.21
99,130.38,107.88
100,154.72,130.19
101,172.19,125.42
102,165.14,121.17
103,170.71,134.29
104,135.54,122.87
105,111.49,100.39
106,149.71,109
107,163.17,113.33
108,135.88,115.39
109,150.23,113.61
110,150.68,109.33
111,162.99,148.71
112,142.73,114.2
113,109.51,111.87
114,147.32,112.79
115,125.35,121.81
116,127,106.82
117,161.88,129.09
118,134.89,122.38
119,178.24,131.34
120,144.22,112.65
121,146.55,135.32
122,185.21,141.84
123,145.08,124.98
124,168.74,128
125,131.49,115.29
126,147.07,129.4
127,124.06,104.35
128,132.55,135.01
129,121.04,129.67
130,110.63,108.28
131,133.41,117.76
132,126.05,120.63
133,153.95,133.2
134,91.49,123.6
135,135.23,100.88
136,111.6,117.64
137,141.51,127.23
138,173.95,118.23
139,175.72,146.27
140,133.35,116.55
141,140.72,109.74
142,97.29,121.27
143,155.79,117.93
144,138.92,110.63
145,135.72,126.92
146,146.81,112.31
147,152.41,129.71
148,119.13,135.06
149,124.87,113.93
150,130.2,119.01
151,161.77,128.8
152,145.6,116.08
153,119.28,106.66
154,120.44,102.54
155,150.77,133.86
156,135.57,123
157,116.82,119.29
158,150.84,129.41
159,151.42,122
160,152.73,117.32
161,110.91,108.22
162,108.29,116.27
163,83.57,92.42
164,208.05,128.35
165,141.25,132.71
166,138.13,104.29
167,165.5,123.84
168,122.42,116.17
169,124.73,112.56
170,154.58,120.43
171,111.48,125.02
172,165.17,128.93
173,136.57,125.24
174,172.23,119.56
175,138.01,120.67
176,136.26,110.1
177,175.06,105.5
178,151.51,124.46
179,131.45,126.79
180,149.15,119.55
181,116,105.25
182,159.14,123.31
183,120.78,101.37
184,168.67,126.4
185,178.94,114.76
186,122.81,115.03
187,123.33,116.1
188,132.41,119.22
189,125.68,110.95
190,121.3,121.64
191,100.42,118.84
192,139.82,116.52
193,112.99,117.1
194,102.47,108.61
195,160,119.96
196,148.65,129.04
197,109.76,120.83
198,104.21,126.78
199,169.32,120.16
200,111.2,107.83
201,112.16,115.63
202,131.94,128.27
203,149.12,129.68
204,118.85,116.3
205,156.92,133.67
206,143.16,114.85
207,131.81,120.01
208,159.31,122.2
209,144.9,118.64
210,104.49,102.53
211,148.66,118.35
212,179.29,145.98
213,150.33,114.95
214,141.35,122.52
215,125.45,111.96
216,172.68,114.55
217,120,107.71
218,164.9,131.85
219,94.18,105.88
220,152.16,119.55
221,122.82,114.78
222,119.9,112.31
223,75.26,98.25
224,114.7,109.72
225,143.65,119.05
226,150.43,122.01
227,143.33,109.84
228,138.38,128.98
229,114.56,117.41
230,108.51,129.04
231,104.52,107.59
232,135.39,109.77
233,132.36,119.59
234,115.64,115.7
235,142.56,133.56
236,128.23,130.63
237,152.99,136.67
238,122.08,113.04
239,121.65,97.7
240,112.59,105.27
241,97.31,112.12
242,122.29,122.83
243,142.59,123.02
244,159.14,136.28
245,146.52,118.96
246,155.98,123.53
247,148.25,129.08
248,112.13,133.41
249,137.83,116.72
250,130.08,134.05
251,132.38,131.65
252,140.48,132.21
253,116.79,119.27
254,131.89,109.31
255,115.02,113.62
256,140.21,110.52
257,154.06,121.39
258,165.56,128.89
259,161.59,135.47
260,118.17,121.57
261,153.29,141.48
262,162.34,118.6
263,104.11,118.07
264,128.46,123.35
265,167.21,104
266,152.66,126.57
267,164.06,126.39
268,184.47,135.01
269,122.99,111.29
270,138.56,132.85
271,155.16,125.29
272,146.32,111.09
273,137.13,110.84
274,137.76,108.93
275,205.88,121.84
276,124.12,127.88
277,136.48,113.17
278,136.45,113.11
279,136.25,109.81
280,159,132.79
281,124.77,114.5
282,131.86,114.28
283,137.82,112.96
284,147.3,131.59
285,134.66,122.2
286,158.14,127.05
287,149.15,113.73
288,153.16,116.77
289,153.54,123.6
290,119.61,110.64
291,141.98,109.97
292,117.11,119.05
293,160.03,139.68
294,119.16,109.26
295,155.96,121.5
296,146.84,134.79
297,169.73,108.98
298,119.61,108
299,153.7,115.48
300,93.54,91.77
301,134.76,110.39
302,133.57,105.53
303,147.54,119.13
304,130.7,117.22
305,154.1,117.77
306,184.98,117.98
307,135.89,116.28
308,98.08,122.61
309,147.65,138.22
310,124.72,117.27
311,152.96,123.9
312,156.47,128.47
313,129.21,120.63
314,130.18,117.23
315,153.32,128.14
316,167.67,138.43
317,128.31,128.47
318,132.1,116.55
319,119.91,113.17
320,168.58,108.79
321,141.12,119.72
322,127.09,134.06
323,147.51,102.15
324,167.93,129.83
325,125.62,105.8
326,149.68,135.32
327,106.61,116.64
328,152.69,124.38
329,97.2,116.71
330,151.61,103.74
331,119.99,118.26
332,112.68,130.67
333,143.89,127.39
334,152.21,121.66
335,147.23,134.15
336,137.08,107.11
337,121.99,114.38
338,158.08,131.79
339,113.43,119.61
340,155.35,123.18
341,155.5,120.79
342,131.77,106.51
343,177.68,133.96
344,112.67,118.04
345,144.9,118.06
346,107.69,112.36
347,173.26,121.55
348,155.51,135.44
349,168.52,122.61
350,154.08,124.02
351,130.32,109.53
352,103.35,119.21
353,114.65,121.4
354,142.95,121.82
355,144.27,123.45
356,125.11,118.99
357,140.2,131.74
358,162.36,125.59
359,138.36,120.66
360,144.46,130.74
361,138.13,109.94
362,183.03,120.82
363,169.64,119.37
364,140.92,127.22
365,158.11,123.45
366,144.73,120.31
367,143.99,127.23
368,190.86,125.75
369,164.86,131.64
370,139.51,114.36
371,138.32,124.16
372,141.16,110.72
373,151.57,105.65
374,119.35,105.89
375,127.35,118.68
376,160.47,102.72
377,118.3,119.61
378,162.29,125.4
379,120.87,126.22
380,152.08,123.65
381,124.49,114.1
382,110.82,118.52
383,98.53,109.83
384,150.32,123.26
385,125.75,128.05
386,157.26,128.79
387,124.37,107.41
388,140.08,117.39
389,110.64,110.24
390,183.77,114.26
391,134.8,120.17
392,160.22,125.42
393,103.13,120.35
394,202.36,125.77
395,153.35,126.15
396,130.45,112.4
397,175.4,124.02
398,168.75,124.28
399,112.58,100.81
400,145,119.44
401,116.7,109.98
402,88.87,106.4
403,134.62,130.73
404,132.82,118.22
405,141.6,117.32
406,104.36,131.56
407,132.83,101.12
408,123.39,109.06
409,170.41,143.51
410,134.99,121.33
411,155.8,121.28
412,152.96,131.27
413,150.86,122.01
414,145.72,119.02
415,143.26,128.24
416,120.42,127.94
417,151.6,125.32
418,173.37,119.35
419,151.12,124.75
420,133.97,123.75
421,123.61,116.27
422,153.31,128.17
423,161.73,123.6
424,170.62,111.85
425,149.05,136.9
426,102.7,113.77
427,147.69,119.64
428,155.63,123.44
429,154.61,125.53
430,154.46,131.69
431,144.58,112.04
432,153.71,125.24
433,135.09,118.49
434,118.63,123.18
435,113.46,128.68
436,105.47,115.99
437,173.22,137.64
438,123.92,123.61
439,171.63,136.26
440,154.73,120.78
441,143.85,117.62
442,111.61,115.99
443,124.72,121.25
444,102.48,116.26
445,132.8,120.93
446,156.08,109.79
447,155.71,123.33
448,129.06,119.2
449,135.15,121.7
450,110.99,117.75
451,154.6,115.9
452,161.58,122.32
453,146.13,124.74
454,145.91,108.67
455,118.63,123.18
456,187.45,135.51
457,129.53,117.21
458,117.74,126.97
459,134.25,128.68
460,145.03,125.98
461,109.79,113.91
462,129.1,107.71
463,128.7,106.23
464,159.98,118.57
465,117.82,103.74
466,109.93,128.82
467,117.47,132.84
468,99.73,107.69
469,115.87,98.96
470,86.32,94.39
471,131.88,119.8
472,152.7,119.63
473,124.68,126.29
474,127.54,119.32
475,121.31,111.08
476,132.26,107.11
477,139.62,119.61
478,136.83,124.8
479,109.72,123.27
480,180.25,143.35
481,164.25,142.29
482,123.46,118.67
483,122.94,110.04
484,105.54,116.59
485,131.48,127.14
486,175.49,138.86
487,153.65,115.71
488,169.34,125.71
489,147.67,108.17
490,134.45,133.04
491,131.51,112.29
492,131.49,112.82
493,169.23,113.27
494,120.86,109.25
495,124.63,110.13
496,110.26,121.41
497,112.82,112.37
498,141.71,113.38
499,150.28,130.99
500,102.61,117.46
501,164.66,130.09
502,98.32,120.72
503,153.39,104.46
504,116.75,102.59
505,129.43,124.07
506,126.06,128.45
507,135.89,101.31
508,126.87,111.34
509,147.34,121.17
510,99.24,121.3
511,134.29,124.57
512,118.97,127.02
513,178.21,122.89
514,167.04,128.93
515,139.31,115.31
516,137.61,140.27
517,170.18,121.98
518,127.52,131.78
519,126.71,115.24
520,122.73,118.94
521,176.24,127.46
522,114.25,110.84
523,184.68,119.11
524,158.65,116.21
525,122.5,117.82
526,183.39,119.65
527,130.96,106.57
528,94.39,97.87
529,154.37,122.32
530,121.36,119.31
531,166.55,115.97
532,147.95,120.45
533,123.98,111.1
534,149.59,114.95
535,152.37,137.06
536,97.12,109.95
537,120.84,111.19
538,156.16,125.86
539,133.94,117.71
540,149.54,112.77
541,171.82,135.49
542,158.1,132.22
543,148.79,116.1
544,124.96,134.72
545,166.6,124.66
546,128.93,120.69
547,93.52,113.69
548,139.71,116.85
549,113.46,118.74
550,141.51,129.32
551,142.35,122.42
552,143.84,120.73
553,90.33,100.34
554,146.98,120.51
555,136.24,111.32
556,165.21,113.93
557,111.33,123.5
558,152.54,117.72
559,183.19,123.98
560,146.04,124.58
561,141.98,121
562,146.54,131.67
563,132.77,120.25
564,132.13,116.56
565,146.92,113.47
566,129.76,129.42
567,128.65,125.47
568,107.89,116.3
569,133.2,102.72
570,147.21,136.64
571,121.93,127.52
572,184.35,137.06
573,150.3,127.75
574,163.88,139.14
575,133.6,105.1
576,127.12,130.6
577,103.09,106.06
578,132.26,103.01
579,164.17,125.27
580,177.54,134.63
581,160.93,109.48
582,127.9,114.33
583,112.49,120.79
584,124.8,124.79
585,154.99,125.53
586,150.19,129.4
587,184.21,138.52
588,172.63,129.9
589,81.33,108.91
590,128.78,120.83
591,115.01,116.67
592,145.17,123.35
593,106.74,122.39
594,162.27,115.18
595,137,111.74
596,131.26,104.25
597,145.4,119.35
598,77.96,105.69
599,145.66,126.41
600,153.56,112.11
601,119.06,135.35
602,143.85,119.48
603,96.68,108.59
604,132.12,119.59
605,158.58,129.42
606,109.49,116.09
607,161.22,128.05
608,134.47,123.42
609,121.05,115.23
610,162.25,117.5
611,105.11,121.99
612,149.73,110.48
613,129.9,99.81
614,158.77,127.51
615,125.29,124.36
616,141.38,113.26
617,116.18,124.11
618,145.74,132.08
619,153.65,110.81
620,153.7,127.91
621,143.12,117.92
622,138.88,125.47
623,125.32,116.3
624,124.14,115.46
625,95.16,76.97
626,154.75,112
627,143.88,117.39
628,147.8,106.52
629,135.08,111.94
630,113.52,100.12
631,146.4,110.61
632,170.98,130.47
633,158.93,128.46
634,133.7,123.74
635,156.25,116.16
636,144.14,122.27
637,138.34,125.45
638,139.05,125.08
639,96.75,100.48
640,131.09,113.12
641,123.57,117.2
642,138.24,114.64
643,100.28,123.63
644,142.42,122.9
645,157,116.9
646,159.07,114.82
647,137.63,107.58
648,157.72,115.6
649,137.74,113.6
650,141.75,128.73
651,109.85,111.35
652,142.11,117.76
653,111.64,112.88
654,150.4,131.13
655,152.26,118.65
656,167.38,127.92
657,116.57,116.62
658,140.68,128.48
659,167.19,123.82
660,140.42,124
661,117.6,131.37
662,126.06,124.2
663,156.04,120.15
664,118.02,121.13
665,149.11,121.86
666,149.87,125.58
667,125.59,119.21
668,112.34,127.48
669,125.26,116.51
670,165.75,129.46
671,147.02,136.06
672,122.11,114.61
673,124.31,118.69
674,136.47,130.36
675,144.28,127.68
676,153.03,112.39
677,141.29,119.89
678,115.78,118.45
679,128.58,133.43
680,140.24,109.57
681,148.53,132.12
682,122.51,107.75
683,152.18,125.92
684,140.28,137.3
685,152.53,128.5
686,130.26,112.86
687,119.24,111.54
688,161.71,126.88
689,140.09,132.65
690,123.41,125.01
691,148.45,116.67
692,133.82,113.85
693,113.22,100.48
694,127.91,120.19
695,114.07,126.16
696,137.53,122.4
697,170.5,127.82
698,147.28,113.85
699,140.87,130.99
700,145.99,121.41
701,144.44,132.06
702,131.77,134.66
703,156.19,118.57
704,169.36,133.47
705,129,119.3
706,139.72,112.36
707,119.98,121.8
708,166.96,119.9
709,164.6,124.48
710,156.92,131.28
711,135.03,123.39
712,119.63,107.81
713,153.41,131.11
714,122.58,124.35
715,159.24,127.73
716,104.3,112.03
717,153.89,123.44
718,129.49,131.65
719,180.55,125.57
720,111.87,111.76
721,133.76,119.94
722,122.37,114
723,120.7,120.69
724,86.46,107.9
725,174.59,114.6
726,143.13,124.2
727,104.92,111.64
728,147.68,120.56
729,144.71,121.2
730,121.88,104.47
731,146.79,113.58
732,142.68,112.24
733,146.3,115.75
734,126.95,118.08
735,115.05,124.39
736,164.92,123.15
737,112.08,113.92
738,159.2,106.2
739,159.68,128.17
740,130.7,118.7
741,152.01,116.29
742,130.18,132.27
743,154.04,103.07
744,164.76,141.38
745,129.05,111.91
746,133.14,122.48
747,158.36,138.52
748,132.66,122.59
749,142.14,137.66
750,131.33,107.09
751,156.16,127.39
752,137.9,120.14
753,128.2,118.36
754,169.08,145.39
755,118.43,119.67
756,155.94,120.72
757,121.77,125.59
758,126.95,122.16
759,126.75,124.49
760,141.74,126.91
761,134.42,112.81
762,138.82,134.06
763,93.91,110.15
764,142.13,120.77
765,132.69,112.43
766,164.59,139.02
767,144.67,106.99
768,134.19,111.6
769,143.25,103.93
770,92.38,110.74
771,149.52,129.46
772,144.95,121.81
773,157.69,130.89
774,113.03,96.78
775,135.21,107.64
776,150.79,136.66
777,105.4,112.51
778,148.91,108.96
779,150.59,137.51
780,124.64,112.96
781,158.55,119.54
782,118.25,121.51
783,120.2,114.92
784,95.73,102.73
785,103.48,116.05
786,139.63,105.88
787,138.28,130.84
788,136.85,131.7
789,170.73,122.95
790,145.26,114.46
791,130.39,115.97
792,114.53,107.32
793,127.31,119.91
794,132.36,123.42
795,142.96,123.94
796,118.51,112.37
797,159.62,134.9
798,161.69,131.55
799,116.99,111.44
800,127.34,125.71
801,166.46,121.28
802,124.11,128.47
803,122.02,112.23
804,118.91,128.62
805,133.7,128.91
806,131.08,100.99
807,91.19,115.23
808,139.18,123.7
809,132.12,116.04
810,91.71,95.48
811,146.01,113.24
812,148.64,117.46
813,116.93,94.53
814,145.14,116.86
815,126.17,110.68
816,138.58,114.15
817,100.21,121.51
818,133.35,107.16
819,157.71,114.91
820,134.75,96.62
821,156.07,121.77
822,131.61,99.84
823,138.72,120.53
824,169.72,140.21
825,111.28,110.79
826,146.94,125.69
827,124.89,101.58
828,140.45,120.57
829,108.32,135.16
830,149.77,123.44
831,155.73,129.94
832,173,115.63
833,144.61,115.11
834,163.65,127.17
835,140.55,136.07
836,151.93,113.13
837,152.06,117.74
838,120.37,123.67
839,179.23,130.11
840,173.5,129.91
841,122.83,114.14
842,147.95,127.16
843,93.41,112.44
844,127.94,106.06
845,134.45,99.89
846,137.08,117.24
847,100.58,114.62
848,137.57,101.83
849,137.48,125.28
850,147.32,112.4
851,123.04,107.55
852,171.72,139.88
853,148.92,123.32
854,141.17,122.29
855,140.14,123.46
856,120.91,107.31
857,186.7,135.82
858,144,114.59
859,124.18,125.59
860,150.09,112.58
861,136.34,127.8
862,160.26,112.76
863,119.86,99.82
864,158.53,128.55
865,151.91,126.49
866,109.97,112.9
867,152.47,121.53
868,146.27,105.75
869,151.81,135.1
870,171.98,135.93
871,125.02,122.89
872,172.17,137.03
873,170.11,132.91
874,163.92,128.48
875,197.27,123.5
876,117.16,119.95
877,173.37,119.4
878,128.56,120.63
879,144.7,132.68
880,128.39,130.67
881,139.12,108.93
882,118.72,107.98
883,159.48,124.45
884,130.13,115.19
885,158.93,123.08
886,153.08,113.18
887,141.53,109.27
888,182.42,117.49
889,162.14,119.87
890,164.38,144.25
891,144.9,105.97
892,119.88,119.42
893,113.48,118.62
894,110.76,93.12
895,117.55,114.14
896,164.25,123.66
897,151.24,124.55
898,114.38,100.13
899,139.74,106.05
900,142.79,117.18
901,157.91,105.01
902,168.51,138.89
903,153.69,121.83
904,163.07,130.73
905,154.49,115.13
906,144.9,125.41
907,126.75,130.63
908,136.75,104.52
909,151.33,117.34
910,151.44,114.04
911,166.55,118.09
912,141.47,124.05
913,158.33,113.78
914,150.69,134.43
915,184.42,127.16
916,104.32,104.14
917,122.56,101.16
918,166.32,125.15
919,94.64,123.48
920,161.54,126.26
921,129.85,113.45
922,154.03,129.1
923,100.19,105.16
924,146.83,117.16
925,109.35,108.86
926,147.25,135.03
927,147.13,121.56
928,157.92,131.83
929,153.06,115.65
930,142.41,119.88
931,121.27,116.81
932,146.76,133.54
933,130.43,106.71
934,163.12,139.01
935,100.9,126.62
936,183.29,123
937,185.12,120.47
938,147.25,130.17
939,129.5,125.86
940,134.58,130.63
941,123.34,111.05
942,138.32,124.51
943,142.37,123.8
944,122.46,139.94
945,117.95,109.42
946,173.81,127.28
947,107.82,98.96
948,141.8,123.52
949,134.57,113.55
950,126.06,108.15
951,176.32,129.28
952,122.54,118.03
953,142.33,113.97
954,158.54,117.81
955,141.07,123.27
956,133.36,133.41
957,120.53,116.74
958,131.79,121.44
959,164.05,126.08
960,144.39,118.66
961,158.74,107.31
962,119.79,112.8
963,133.08,119.47
964,156.58,126.98
965,108.67,105.78
966,151.46,123.05
967,157.87,127.76
968,149.12,138.38
969,113.63,120.49
970,129.63,115.13
971,143.6,125.33
972,111.17,106.82
973,106.75,123.42
974,164.78,130.49
975,153.99,122.67
976,90.55,111.06
977,132.64,127.71
978,138.24,127.8
979,121.33,122.35
980,119.02,109.45
981,178.08,131.91
982,131.66,100.17
983,138.18,116.52
984,147.84,118.24
985,105.14,116.78
986,151.07,108.25
987,115.41,105.87
988,126.36,124.52
989,160.22,114.75
990,159.55,115.66
991,171.23,134.8
992,103.07,98.65
993,164.87,123.98
994,142.49,132.07
995,148.44,117.34
996,127.65,127.03
997,149.94,119.6
998,164.72,143.32
999,133.65,110.37
1000,106.44,112.62
1001,98.03,128.25
1002,143.83,107.33
1003,127.27,128.3
1004,134.2,129.43
1005,159.78,140.86
1006,114.34,107.57
1007,116.42,102.7
1008,152.04,128.09
1009,161.29,128.7
1010,146.5,106.78
1011,142.21,124.68
1012,91.17,112.1
1013,126.96,109.62
1014,144.98,113.76
1015,138.15,132.97
1016,140.62,132.85
1017,168.58,140.39
1018,183.05,118.57
1019,156.79,122.65
1020,109.25,104.63
1021,123.72,122.58
1022,119.65,113.05
1023,100.83,108.03
1024,125.24,128.37
1025,103.3,98.41
1026,91.01,104.86
1027,163.34,137.54
1028,173.39,121.34
1029,156.83,120.03
1030,145.77,134.17
1031,135.28,127.12
1032,139.53,131.44
1033,119.78,118.18
1034,157.11,106.46
1035,138.33,128.97
1036,111.92,123.82
1037,165.65,126.08
1038,105.51,108.46
1039,138.94,130.61
1040,132.1,124.72
1041,125.76,113.17
1042,158.41,116.16
1043,134.18,114.09
1044,126.75,125.07
1045,128.41,111.96
1046,133.33,137.39
1047,174.22,109.84
1048,155.56,116.02
1049,129.58,97.33
1050,172.85,121.64
1051,172.58,129.52
1052,137.09,120.55
1053,110.52,107.13
1054,100.59,106.06
1055,128.05,114.16
1056,153.94,99.89
1057,152.36,121.28
1058,128.04,103.65
1059,143.71,116.3
1060,175.16,141.57
1061,151.35,111.95
1062,117.76,122.51
1063,131.39,117.13
1064,159.44,126.02
1065,83.66,112.94
1066,122.27,103.95
1067,155.16,125.02
1068,169.39,141.71
1069,98.6,117.36
1070,134.62,114.96
1071,107.46,108.77
1072,128.03,115.4
1073,116.72,125.24
1074,159.56,142.05
1075,129.67,123.8
1076,146.56,126.23
1077,204.78,124.14
1078,111.14,107.45
1079,109.29,116.06
1080,125.06,107.38
1081,108.57,128.73
1082,106.27,115.81
1083,133.14,115.82
1084,144.98,114.06
1085,141.32,118.21
1086,127.01,131.51
1087,127.81,125.5
1088,153.06,107.3
1089,99.67,108.56
1090,157.55,132.68
1091,162.69,132.01
1092,134.09,114.28
1093,134.8,110.33
1094,153.89,107.26
1095,148.61,116.28
1096,164.44,151.5
1097,90.34,123.15
1098,115.01,104.4
1099,99.35,112.87
1100,141.1,123.25
1101,115.69,127.22
1102,124.68,107.98
1103,126.91,121.3
1104,134.54,113.33
1105,143.86,125.55
1106,156.61,120.16
1107,177.04,111.27
1108,165.34,136.09
1109,171.48,142.52
1110,134.72,116.78
1111,138.66,130.88
1112,120.47,131.76
1113,166.4,129.28
1114,154.6,138.67
1115,148.82,115
1116,137.56,110.33
1117,145.86,120.84
1118,147.04,107.94
1119,162.51,119.27
1120,93.48,103.13
1121,153.55,122.3
1122,148.23,111.12
1123,132.08,126.49
1124,174.11,130.77
1125,141.06,111.84
1126,129.53,130.75
1127,143.03,126.07
1128,165.1,123.64
1129,141.64,140.6
1130,154.18,107.26
1131,186.91,141.14
1132,130.83,117.69
1133,112.1,122.71
1134,159.21,119.94
1135,122.29,109.43
1136,163.19,121.7
1137,101.98,108.49
1138,148.55,110.06
1139,95.65,110.53
1140,166.87,119.01
1141,126.7,131.47
1142,135.44,119.2
1143,153.11,131.09
1144,142.59,128.72
1145,152.19,112.26
1146,144.6,127.24
1147,151.19,109.81
1148,132.67,117.68
1149,123.85,128.24
1150,86.9,127.86
1151,142.7,111.52
1152,149.33,135.41
1153,151.27,112.88
1154,112.25,117.8
1155,150.81,107.91
1156,110.69,105.35
1157,134.49,119
1158,147.58,116.13
1159,123.18,110.29
1160,122.09,114.43
1161,131.99,102.32
1162,163.73,119.98
1163,125.52,107.89
1164,142.64,126.04
1165,131.43,110.25
1166,148.76,117.28
1167,153.69,112.78
1168,178.37,137.48
1169,164.73,126.51
1170,148.99,135.73
1171,112.04,102.85
1172,187.33,124.79
1173,148.57,124.97
1174,157.51,115.35
1175,123.19,122.58
1176,137.09,116.9
1177,136.87,111.01
1178,135.58,120.45
1179,115.29,112.67
1180,125.92,126.19
1181,183.85,116.79
1182,141.69,121.34
1183,117.69,121.14
1184,126.84,122.81
1185,135.58,111.64
1186,129.06,109.18
1187,138.62,114.03
1188,157.31,106.68
1189,126.7,113.28
1190,119.63,117.82
1191,124.22,121.95
1192,174.95,113.69
1193,180.54,125.39
1194,125.67,121.46
1195,136.73,136.17
1196,148.76,116.44
1197,130.93,114.37
1198,110.87,109.5
1199,170.81,138.92
1200,154.65,121.86
1201,103.05,114.07
1202,139.99,118.8
1203,178.31,129.92
1204,154.6,113.78
1205,150.86,117.2
1206,139.66,131.29
1207,139.09,126.93
1208,174.62,127
1209,78.63,93.7
1210,121.97,117.6
1211,154.83,118.37
1212,139.19,120.66
1213,151.43,116.46
1214,117.78,104.05
1215,134.8,111.5
1216,116.63,101.49
1217,145.38,126.4
1218,142.48,119.2
1219,154.94,132.09
1220,174.37,118.88
1221,160.41,128.9
1222,120.93,121.81
1223,138.45,139.31
1224,142.31,118.23
1225,105,108.95
1226,152.95,122.84
1227,148.8,118.12
1228,160.75,117.98
1229,149.32,111.05
1230,105.62,135.47
1231,163.62,133.64
1232,174.71,106.94
1233,86.91,109.55
1234,137.87,136.39
1235,156.35,137.52
1236,157.25,124.31
1237,138.55,124.43
1238,91.95,103.19
1239,139.5,116.51
1240,165.77,126.66
1241,127.18,106.01
1242,126.88,104.54
1243,148.63,133.14
1244,133.39,119.73
1245,141.32,129.84
1246,168.55,134.64
1247,175.21,119.78
1248,132.09,122.64
1249,150.1,97.53
1250,125.95,115.28
1251,149.15,128.06
1252,109.69,120.29
1253,120.8,121.87
1254,93.64,98.26
1255,128.25,109.6
1256,167.07,135.02
1257,175.23,130.38
1258,113.67,123.71
1259,128.98,122.53
1260,135.88,116.55
1261,93.91,112.07
1262,163.03,114.18
1263,135.49,119.12
1264,132.51,129.66
1265,148.7,101
1266,164.67,119.31
1267,116.04,118.83
1268,136.87,129.87
1269,120.89,132.5
1270,146.92,126.06
1271,173.48,131.11
1272,139.89,120.83
1273,157.04,135.14
1274,124.5,113.92
1275,154.3,125.17
1276,119.1,116.29
1277,124.51,124.74
1278,164.48,134.99
1279,145.85,116.52
1280,143.12,110.11
1281,168.29,135.26
1282,145.57,124.35
1283,148.36,123.31
1284,195.78,123.77
1285,172.63,127.02
1286,144.34,116.03
1287,99.87,109.9
1288,115.42,119.38
1289,115.38,122.86
1290,117.84,120.57
1291,144.16,123.56
1292,115.46,116.47
1293,152.76,117.98
1294,109.95,107.32
1295,117.15,105.75
1296,150.79,118.01
1297,122.87,104.57
1298,111.1,109.91
1299,139.19,122.81
1300,164.49,115.59
1301,136.05,117.87
1302,127.51,115.83
1303,135.54,115.99
1304,163.98,106.66
1305,171.4,120.83
1306,136.65,121.22
1307,156.91,130.76
1308,137.33,136.49
1309,135.84,110.19
1310,143.1,114.7
1311,146.75,114.33
1312,126.46,110.93
1313,140.19,116.27
1314,131.13,109.98
1315,135,116.75
1316,96.82,114.88
1317,172.59,118.46
1318,148.38,127.37
1319,146.12,126.89
1320,152.87,131.85
1321,197.38,124.91
1322,158.86,111.7
1323,124.15,115.02
1324,119.54,101.32
1325,104.24,108.8
1326,148.48,134.61
1327,145.05,124.14
1328,125.49,126.22
1329,155.44,133.34
1330,135.36,111.66
1331,149.03,106.4
1332,154.52,135.83
1333,138.65,125.9
1334,153.83,122.1
1335,134.23,117.17
1336,150.85,139.62
1337,152.9,119.42
1338,173.82,126.51
1339,171.59,120.66
1340,142.07,117.24
1341,183.23,135.62
1342,140.14,129.61
1343,141.51,127.61
1344,157.55,131.03
1345,132.52,123.28
1346,167.73,134.88
1347,141.11,119.64
1348,145.82,117.94
1349,104.26,103.21
1350,118.19,110.24
1351,145.23,119.44
1352,124.75,128
1353,144.02,119.29
1354,175.61,145.31
1355,158.89,127.25
1356,113.64,119.44
1357,147.61,111.14
1358,106.18,108.56
1359,148.77,115.94
1360,154.85,119.74
1361,166.46,127.12
1362,137.04,134.52
1363,121.19,106.37
1364,141.97,117.88
1365,146.24,133.67
1366,144.92,121.82
1367,155.37,110.57
1368,127.16,134.43
1369,144.62,118.15
1370,122.45,128.05
1371,136.89,121.13
1372,124.81,117.94
1373,161.99,131.11
1374,111.22,95.31
1375,156.05,110.16
1376,131.22,103.94
1377,144.06,113.42
1378,171.69,128.05
1379,169.11,129.02
1380,149.83,107.55
1381,163.92,138.51
1382,125.62,123.51
1383,128.33,120.85
1384,147.14,109.67
1385,163.16,117.33
1386,157.02,133.48
1387,107.05,110.65
1388,100.74,123.94
1389,158.31,126.42
1390,154.18,131.41
1391,137.56,123.21
1392,130.95,113.04
1393,130.76,109.75
1394,148.2,113.34
1395,146.33,109.41
1396,139.97,128.01
1397,130.96,123.76
1398,186.02,130.37
1399,119.22,114.68
1400,102.55,118.04
1401,154.55,125.86
1402,116.36,121.69
1403,142.71,117.63
1404,101.59,114.93
1405,145.73,124.16
1406,141.15,136.47
1407,144.4,122.62
1408,130.72,92.26
1409,155.09,109.18
1410,114.3,118.91
1411,133.88,128.23
1412,141.38,130.49
1413,171.62,121.45
1414,148.66,129.26
1415,126.61,124.03
1416,158.69,116.3
1417,132.39,111.9
1418,108.08,104.85
1419,154.56,129.9
1420,120.37,130.87
1421,110.75,107.1
1422,142.5,123.4
1423,142.55,109.45
1424,137.13,97.1
1425,139.13,127.85
1426,114.04,126.82
1427,121.66,107.18
1428,106.15,98.09
1429,126.29,113.53
1430,117.5,106.95
1431,116.84,115.85
1432,101.81,100.87
1433,152.65,146.06
1434,162.47,119.19
1435,144.58,111.21
1436,111.8,115.88
1437,155.89,124.55
1438,185.84,128
1439,144.98,126.65
1440,136.93,130.75
1441,123.96,122.84
1442,149.43,135
1443,145.9,122.41
1444,162.79,129.46
1445,140.46,113.93
1446,144.97,124.05
1447,172.83,137.96
1448,186.33,133.22
1449,130.49,120.87
1450,107.61,98.68
1451,94.76,113.51
1452,141.01,120.69
1453,120.31,125.16
1454,134.12,124.85
1455,136.92,113.69
1456,185.03,128.84
1457,167.01,127.96
1458,146.16,120.41
1459,142.45,100.74
1460,160.04,129.38
1461,190.9,136.8
1462,154.68,121.37
1463,112.35,119.13
1464,152.59,137.33
1465,127.51,111.4
1466,153.68,115.04
1467,129.9,122.25
1468,147.67,113.09
1469,148.38,114.21
1470,101.11,106.94
1471,123.18,106.97
1472,126.72,118.23
1473,155.71,115.04
1474,151.89,137.32
1475,180.06,127.94
1476,142.57,110.78
1477,156.51,131.02
1478,124.97,126.46
1479,147.31,139.04
1480,123.58,114.35
1481,182.46,121.15
1482,117.1,132.28
1483,107.09,101.93
1484,134.78,119.66
1485,149.7,116.96
1486,182.95,124.04
1487,162.42,113.59
1488,127.7,126.17
1489,127.26,121.98
1490,104.72,113.45
1491,130.32,127.25
1492,141.79,105.35
1493,100.79,109.95
1494,164.43,128.47
1495,154.26,124.38
1496,127.16,118.35
1497,147.07,126.36
1498,158.16,118.11
1499,152.04,111.9
1500,156.57,122.46
1501,141.77,122.9
1502,156.71,115.44
1503,155.46,129.02
1504,130.08,117.82
1505,144.36,127.96
1506,144.89,113.32
1507,147.42,125.75
1508,161.04,132.13
1509,142.57,121.2
1510,103.25,123.12
1511,111.08,105.74
1512,128.14,114.49
1513,130.67,118.45
1514,187,135.96
1515,140.41,118.63
1516,213.81,138.63
1517,118.24,105.61
1518,145.29,129.25
1519,165.77,133.14
1520,75,112.96
1521,124.04,125.6
1522,146.73,107.78
1523,134.6,131.98
1524,142.28,104.71
1525,112.93,115.01
1526,162.61,116.66
1527,113.49,113.39
1528,125.76,107.91
1529,153.88,112.12
1530,156.2,122.75
1531,156.68,127.89
1532,130.16,113.68
1533,117.09,121.88
1534,185.79,113.59
1535,162.31,145.16
1536,167.48,121.81
1537,123.49,106.8
1538,135.29,129.23
1539,144.83,125.63
1540,148.21,114.26
1541,135.49,113.82
1542,97.37,101.6
1543,118.25,114.55
1544,137.17,124.3
1545,132.49,131.01
1546,129.83,130.27
1547,104.68,112.89
1548,149.07,114.55
1549,128.27,107.26
1550,140.48,121.57
1551,110.59,101.4
1552,122.27,117.31
1553,147.12,109.27
1554,137,102.16
1555,153.4,134.8
1556,89.24,111.19
1557,157.01,107.57
1558,125.61,106.56
1559,116.77,117.27
1560,84.55,104.25
1561,154.86,124.49
1562,194.94,152.48
1563,137.5,116.47
1564,142.71,134.64
1565,114.32,105.69
1566,130,119.13
1567,120.57,120.77
1568,118.58,115.54
1569,124.15,116.09
1570,148.69,129.35
1571,134.07,115.17
1572,154.03,117.05
1573,129.58,117.52
1574,120.49,109.12
1575,115.73,121.24
1576,87.07,108.01
1577,136.27,119.75
1578,119.57,123.13
1579,163.3,128.27
1580,148.66,134.74
1581,119.88,118.5
1582,142.83,107.58
1583,177,117.84
1584,155.98,108.05
1585,159.06,119.59
1586,119.89,99.63
1587,129.61,108.27
1588,108.4,110.41
1589,130.32,112.97
1590,128.75,143.59
1591,132.53,126.77
1592,139.84,108.41
1593,118.96,113.77
1594,138.82,114.15
1595,126.92,106.69
1596,130.97,115.21
1597,146.91,151.76
1598,146.19,115.46
1599,132.77,119.41
1600,154.52,119.15
1601,166.14,126.72
1602,137.69,103.85
1603,138.3,124.93
1604,152.42,114.55
1605,162.44,117.91
1606,136.04,112.7
1607,168,127.91
1608,102.19,100.31
1609,177.23,130.15
1610,151.14,120.39
1611,122.49,128.56
1612,159.82,132.87
1613,127.79,119.27
1614,150,131.63
1615,173.26,130.45
1616,129.6,125.82
1617,99.31,108.25
1618,154.55,131.04
1619,198.67,131.48
1620,132.33,133.39
1621,126.45,115.98
1622,150.67,126.53
1623,144.4,112.87
1624,157.09,123.8
1625,158.97,116.52
1626,157.13,116.28
1627,128.37,112.73
1628,165.54,129.03
1629,137.38,98.75
1630,172.68,118.22
1631,143.28,138.33
1632,101.55,101.81
1633,155.56,121.31
1634,117.25,118.81
1635,115.83,104.83
1636,136.55,110.33
1637,145.6,112.86
1638,116.35,103.34
1639,136.64,116.96
1640,139.39,113.99
1641,181.07,143.08
1642,156.47,124.13
1643,119.01,114.71
1644,121.41,98.05
1645,107.01,114.93
1646,146.02,115.72
1647,139.08,128.08
1648,142.56,123.08
1649,139.3,123.36
1650,148.34,134.45
1651,155.25,119.6
1652,95.75,112.71
1653,134.25,110.04
1654,124.41,109.7
1655,109.77,101.83
1656,110.26,122.38
1657,130.47,128.88
1658,126.25,117.56
1659,163.41,124.34
1660,165.38,138.14
1661,137.71,119.26
1662,138.9,109.59
1663,161.05,121.03
1664,146.18,113.43
1665,146.39,128.25
1666,125.32,113.85
1667,119.68,128.1
1668,167.34,130.83
1669,172.03,136.57
1670,91.25,102.9
1671,129.98,113.13
1672,159.26,141.09
1673,152.49,119.44
1674,148.65,130.43
1675,130.19,105.84
1676,125.04,116.4
1677,153.6,122.01
1678,131.39,111.18
1679,175.99,125.46
1680,142.37,122.18
1681,166.88,133.52
1682,160.38,117.25
1683,168.72,122.48
1684,97.06,105.79
1685,130.32,112.2
1686,158.99,139.4
1687,137.48,114.56
1688,130.41,130.4
1689,154.7,125.53
1690,181.07,137.67
1691,162.16,118.54
1692,143.06,101.62
1693,141.62,117.71
1694,167.69,121.89
1695,122.4,111.88
1696,152.68,120.15
1697,134.22,127.13
1698,166.74,124.27
1699,124.39,105.31
1700,130.14,126.85
1701,117.77,112.24
1702,98.11,117.61
1703,167.31,134.03
1704,136.45,109.48
1705,150.94,122.87
1706,170.6,127.73
1707,126.26,99.64
1708,114.89,112.22
1709,151.37,113.09
1710,168.78,129.02
1711,97.79,124.4
1712,140.61,120.63
1713,142.03,110.51
1714,135.13,131
1715,123.22,112.54
1716,124.93,125.78
1717,140.69,116.3
1718,183.11,107.28
1719,149.35,117.41
1720,131.22,122.78
1721,139.82,118.23
1722,128.12,127.4
1723,136.14,105.86
1724,156.29,128.45
1725,98.76,107.98
1726,120.6,119.98
1727,154.89,105.03
1728,120.58,108.42
1729,147.79,138.05
1730,128.04,122.22
1731,137.35,108.91
1732,143.95,120.01
1733,138.6,120.99
1734,104.05,118.65
1735,130.06,128.86
1736,79.39,108.9
1737,162.3,129.07
1738,172.1,124.09
1739,146.08,128.53
1740,126.09,108.69
1741,145.95,116.86
1742,150.19,122.87
1743,149.18,127.42
1744,80.95,117.63
1745,158.61,116.47
1746,159.43,134.87
1747,148.03,124.78
1748,192.43,144.99
1749,124.93,118.39
1750,123.4,104.69
1751,131.93,121.92
1752,105.36,108.46
1753,117.75,107.44
1754,118.73,120.42
1755,135.6,128.37
1756,167.27,124.7
1757,180.72,130.84
1758,121.27,109.16
1759,152.51,122.04
1760,140.7,136.27
1761,170.13,118.93
1762,127.11,102.39
1763,118.58,119.36
1764,177.59,142.04
1765,150.26,120.89
1766,145.18,124.05
1767,136.67,127.01
1768,106.71,99.94
1769,121.66,115.87
1770,154.41,135.41
1771,125.36,120.39
1772,121.06,113.36
1773,195.2,132.95
1774,129.06,113.81
1775,153.14,120.64
1776,141.47,120.32
1777,146.03,112.74
1778,126.2,120.6
1779,132.38,106.7
1780,146.08,122.55
1781,146.24,111.81
1782,166.96,125.54
1783,157.55,115.22
1784,126.39,112.47
1785,96.68,116.43
1786,124.17,110.61
1787,174.61,133.94
1788,153.15,136.26
1789,164.14,124.09
1790,142.09,119.07
1791,134.4,122.06
1792,164.13,119.08
1793,164.8,115.4
1794,147.14,125.67
1795,150.91,105.4
1796,123.64,112.49
1797,126.55,117.13
1798,165.21,128.32
1799,146.29,114.73
1800,93.84,101.67
1801,133.21,130.46
1802,142.96,114.8
1803,142.4,130.54
1804,143.23,133.62
1805,146.8,120.56
1806,148.76,121.17
1807,134.97,134.68
1808,137.26,123.78
1809,138.17,118.69
1810,165.29,126.53
1811,170.69,132.84
1812,164.33,129.63
1813,140.93,101.55
1814,98.35,111.79
1815,113.91,115.93
1816,139.05,104.39
1817,133.06,114.68
1818,138.29,144.12
1819,166.11,119.05
1820,147.9,123.03
1821,125.74,129.08
1822,138.03,117.33
1823,158.43,133.32
1824,109.35,118.07
1825,139.09,127.41
1826,200.19,135.78
1827,122.53,110.95
1828,151.71,126.17
1829,129.21,104.66
1830,164.99,131.64
1831,173.38,128.87
1832,127.11,116.37
1833,114.19,119.9
1834,160.12,122.04
1835,89.4,123.54
1836,135.64,108.54
1837,84.4,93.44
1838,139.42,139.31
1839,116.5,126.23
1840,129.21,113.82
1841,121.04,116.35
1842,120.04,106.4
1843,162.76,109.68
1844,128.12,94.26
1845,147.88,129.54
1846,136.84,115.66
1847,131.24,124.48
1848,131.92,106.09
1849,117.42,108.71
1850,132.62,124.6
1851,164.86,142.11
1852,163.91,126.77
1853,128.31,108.21
1854,163.65,128.78
1855,116.73,111.03
1856,168.3,111.6
1857,133.22,123.58
1858,106.87,128.37
1859,152.75,112.34
1860,161.25,127.1
1861,122.2,127.85
1862,125.65,111.63
1863,128.88,120.09
1864,135.78,113.22
1865,178.41,136.89
1866,141.11,111.28
1867,157.01,109.74
1868,105.06,115.28
1869,176.37,127.24
1870,127.13,116.87
1871,112.72,114.19
1872,169.53,134.54
1873,144.88,115.84
1874,173.55,136
1875,145.67,122.75
1876,125.35,109.55
1877,159.03,114.51
1878,131.82,99.67
1879,142.64,127.09
1880,148.73,129.54
1881,159.53,134.05
1882,162.13,130.85
1883,107.33,119.67
1884,148.43,107.36
1885,117.59,98.58
1886,153.08,121.11
1887,135.95,121.28
1888,185.01,120.78
1889,133.33,127.33
1890,154.72,125.8
1891,146.41,113.51
1892,135.68,117.25
1893,170.29,115.64
1894,179.29,116.31
1895,143.38,118.62
1896,141.95,116.1
1897,117.61,122.58
1898,176.95,114.07
1899,143.04,113.81
1900,162.09,129.9
1901,148.16,127.94
1902,121.99,103.77
1903,152.3,124.66
1904,150.43,113.67
1905,112.38,129.15
1906,185,130.67
1907,135.45,114.62
1908,127.45,100.78
1909,144.71,125.68
1910,171.63,137.43
1911,139.32,125.52
1912,126.92,113.11
1913,138,131.91
1914,106,115.53
1915,158.91,122.68
1916,138.71,125.66
1917,142.93,122.71
1918,127.83,133.94
1919,103.43,121.2
1920,145.53,121.71
1921,143.3,113.93
1922,138.27,119.09
1923,148.22,116.03
1924,148.86,120.82
1925,164.56,120.24
1926,107.69,111.15
1927,148.43,101.47
1928,130.6,127.53
1929,153.11,125.84
1930,159.32,101.46
1931,118.34,112.94
1932,167.7,120.81
1933,124.05,125.24
1934,106.51,131.05
1935,133.53,128.03
1936,139.46,120.49
1937,142.02,118.91
1938,145.66,132.83
1939,149.63,100.51
1940,143.08,133.58
1941,155.1,108.01
1942,125.27,116.04
1943,121.96,115.8
1944,113.9,123.74
1945,154.84,129.51
1946,156.34,113.15
1947,181.63,117.73
1948,169.53,135.72
1949,112.64,118.85
1950,153.99,126.45
1951,126.37,117.95
1952,144.77,133.17
1953,87.87,98.39
1954,105.92,109.75
1955,111.27,106.05
1956,146.88,124.95
1957,109.92,114.41
1958,173.14,126.59
1959,142.7,116.98
1960,129.97,116.51
1961,148.31,127.38
1962,133.57,113.53
1963,119.21,113.22
1964,210.01,125.03
1965,146.44,118.92
1966,120.55,97.88
1967,125.44,114.92
1968,167.28,110.16
1969,137.52,123.42
1970,108.91,112.74
1971,99.46,120.46
1972,104.91,124.77
1973,113.46,110.67
1974,154.41,112.78
1975,133.95,131.11
1976,130.66,112.57
1977,153.1,112.79
1978,89.79,97.92
1979,162.75,116.99
1980,125.12,128.81
1981,158.63,113.92
1982,137.83,117.85
1983,147.84,122
1984,137.33,109.33
1985,149.41,140.36
1986,135.82,132
1987,153.19,117.82
1988,139.92,112.06
1989,135.1,110.63
1990,165.11,141.23
1991,87.32,116.41
1992,122.6,118.4
1993,115.36,114.56
1994,145.86,118.14
1995,151.61,129.57
1996,125.44,117.65
1997,124.02,119.92
1998,135.27,131.8
1999,145.28,120.37
2000,126.61,108.68
